No,Product,ImageUrl,LocalImage
"1","Zestaw KRAWĘŻNIK PRO","https://storage.googleapis.com/nitro-media-local/projects/0qricweczxxpllt/gallery/jtlzxdq.webp","01-zestaw-kraweznik-pro.webp"
"2","Zestaw LEVEL","https://storage.googleapis.com/nitro-media-local/projects/0qricweczxxpllt/gallery/zsszvmm.webp","02-zestaw-level.webp"
"3","Zestaw MASTER","https://storage.googleapis.com/nitro-media-local/projects/0qricweczxxpllt/gallery/majmqgu.webp","03-zestaw-master.webp"
"4","Zestaw KRAWĘŻNIKI","https://storage.googleapis.com/nitro-media-local/projects/0qricweczxxpllt/gallery/kqcjqdb.webp","04-zestaw-krawezniki.webp"
"5","GRIX HOLD PRO","https://storage.googleapis.com/nitro-media-local/projects/0qricweczxxpllt/gallery/oysfxkk.webp","05-grix-hold-pro.webp"
"6","GRIX HOLD","https://storage.googleapis.com/nitro-media-local/projects/0qricweczxxpllt/uploads/1769242092503-1000023066.webp","06-grix-hold.webp"
"7","GRIX","https://storage.googleapis.com/nitro-media-local/projects/0qricweczxxpllt/uploads/qywndvl.webp","07-grix.webp"
"8","GRIX PLUS","https://storage.googleapis.com/nitro-media-local/projects/0qricweczxxpllt/uploads/1769276842212-1000022441.webp","08-grix-plus.webp"
"9","GRIX HARD","https://storage.googleapis.com/nitro-media-local/projects/0qricweczxxpllt/gallery/lkgehwi.webp","09-grix-hard.webp"
"10","Adapter do podnoszenia - system GRIX","https://storage.googleapis.com/nitro-media-local/projects/0qricweczxxpllt/gallery/jaevhnn.webp","10-adapter-do-podnoszenia-system-grix.webp"
"11","FlatFix DUO","https://storage.googleapis.com/nitro-media-local/projects/0qricweczxxpllt/gallery/mtqbqfk.webp","11-flatfix-duo.webp"
"12","FlatFix z rolka","https://storage.googleapis.com/nitro-media-local/projects/0qricweczxxpllt/uploads/ijyidey.webp","12-flatfix-z-rolka.webp"
"13","FlatFix z plastikowa podkladka","https://storage.googleapis.com/nitro-media-local/projects/0qricweczxxpllt/uploads/icwtoff.webp","13-flatfix-z-plastikowa-podkladka.webp"
"14","FlatFix Standard","https://storage.googleapis.com/nitro-media-local/projects/0qricweczxxpllt/uploads/wosasce.webp","14-flatfix-standard.webp"
"15","FlatFix PLUS Standard","https://storage.googleapis.com/nitro-media-local/projects/0qricweczxxpllt/uploads/ildzibt.webp","15-flatfix-plus-standard.webp"
"16","FlatFix PLUS z plastikowa podstawa","https://storage.googleapis.com/nitro-media-local/projects/0qricweczxxpllt/uploads/ddeqiwy.webp","16-flatfix-plus-z-plastikowa-podstawa.webp"
"17","FlatFix PLUS z rolka","https://storage.googleapis.com/nitro-media-local/projects/0qricweczxxpllt/uploads/hpvtooz.webp","17-flatfix-plus-z-rolka.webp"
"18","LineFix","https://storage.googleapis.com/nitro-media-local/projects/0qricweczxxpllt/uploads/1769276910519-1000022438.webp","18-linefix.webp"
"19","KatFix","https://storage.googleapis.com/nitro-media-local/projects/0qricweczxxpllt/uploads/1769276886217-1000022435.webp","19-katfix.webp"
"20","KatFix PRO","https://storage.googleapis.com/nitro-media-local/projects/0qricweczxxpllt/gallery/trsjrqe.webp","20-katfix-pro.webp"
"21","LevelFix","https://storage.googleapis.com/nitro-media-local/projects/0qricweczxxpllt/gallery/upskdue.webp","21-levelfix.webp"
"22","FormFix DUAL","https://storage.googleapis.com/nitro-media-local/projects/0qricweczxxpllt/gallery/vqgkazp.webp","22-formfix-dual.webp"
"23","FormFix MAX","https://storage.googleapis.com/nitro-media-local/projects/0qricweczxxpllt/uploads/jasiegl.webp","23-formfix-max.webp"
"24","FormFix 1250-2200 mm","https://storage.googleapis.com/nitro-media-local/projects/0qricweczxxpllt/uploads/jcqtehu.webp","24-formfix-1250-2200-mm.webp"
"25","FormFixMini","https://storage.googleapis.com/nitro-media-local/projects/0qricweczxxpllt/uploads/llbyqqc.webp","25-formfixmini.webp"
"26","KrawFix INOX","https://storage.googleapis.com/nitro-media-local/projects/0qricweczxxpllt/gallery/trzsmvb.webp","26-krawfix-inox.webp"
"27","KrawFix ROLLER","https://storage.googleapis.com/nitro-media-local/projects/0qricweczxxpllt/uploads/uvgdloe.webp","27-krawfix-roller.webp"
"28","KrawFix","https://storage.googleapis.com/nitro-media-local/projects/0qricweczxxpllt/uploads/emsoual.webp","28-krawfix.webp"
"29","WallFix","https://storage.googleapis.com/nitro-media-local/projects/0qricweczxxpllt/gallery/srsjxbs.webp","29-wallfix.webp"
"30","RolLift","https://storage.googleapis.com/nitro-media-local/projects/0qricweczxxpllt/uploads/1769276585515-1000023099.webp","30-rollift.webp"
"31","LiftX","https://storage.googleapis.com/nitro-media-local/projects/0qricweczxxpllt/uploads/1769276617310-1000023403.webp","31-liftx.webp"
"32","HandLift","https://storage.googleapis.com/nitro-media-local/projects/0qricweczxxpllt/uploads/1769276439923-1000023109.webp","32-handlift.webp"
"33","GRIPTOR","https://storage.googleapis.com/nitro-media-local/projects/0qricweczxxpllt/uploads/1769276530860-1000023111.webp","33-griptor.webp"
"34","GRIPTOR PRO","https://storage.googleapis.com/nitro-media-local/projects/0qricweczxxpllt/gallery/yiiyuwv.webp","34-griptor-pro.webp"
"35","BLOCKLIFT 300","https://storage.googleapis.com/nitro-media-local/projects/0qricweczxxpllt/uploads/ktpcumd.webp","35-blocklift-300.webp"
"36","BLOCKLIFT 500","https://storage.googleapis.com/nitro-media-local/projects/0qricweczxxpllt/uploads/tljooui.webp","36-blocklift-500.webp"
"37","HARDTAP MINI","https://storage.googleapis.com/nitro-media-local/projects/0qricweczxxpllt/gallery/ninvfri.webp","37-hardtap-mini.webp"
"38","HARDTAP 5 kg","https://storage.googleapis.com/nitro-media-local/projects/0qricweczxxpllt/gallery/trulnke.webp","38-hardtap-5-kg.webp"
"39","HARDTAP 10 kg","https://storage.googleapis.com/nitro-media-local/projects/0qricweczxxpllt/gallery/jdlpbob.webp","39-hardtap-10-kg.webp"
"40","HARDTAP 15 kg","https://storage.googleapis.com/nitro-media-local/projects/0qricweczxxpllt/gallery/nrkqeiw.webp","40-hardtap-15-kg.webp"
"41","HARDTAP 20 kg","https://storage.googleapis.com/nitro-media-local/projects/0qricweczxxpllt/gallery/wxnjpyq.webp","41-hardtap-20-kg.webp"
"42","Zageszczarka plytowa gruntu 120 kg 32 kN LONCIN","https://storage.googleapis.com/nitro-media-local/projects/0qricweczxxpllt/uploads/gvjjpmv.webp","42-zageszczarka-plytowa-gruntu-120-kg-32-kn-loncin.webp"
"43","CyrkielFix","https://storage.googleapis.com/nitro-media-local/projects/0qricweczxxpllt/uploads/pzdrbqv.webp","43-cyrkielfix.webp"
"44","BRUKFILL","https://storage.googleapis.com/nitro-media-local/projects/0qricweczxxpllt/uploads/ilmfxxi.webp","44-brukfill.webp"
"45","MONOX 6.0","https://storage.googleapis.com/nitro-media-local/projects/0qricweczxxpllt/gallery/vjdqlth.webp","45-monox-6-0.webp"
"46","MONOX 8.0","https://storage.googleapis.com/nitro-media-local/projects/0qricweczxxpllt/gallery/vohliso.webp","46-monox-8-0.webp"
"47","UrbanRoot STEEL","https://storage.googleapis.com/nitro-media-local/projects/0qricweczxxpllt/uploads/ptwixsb.webp","47-urbanroot-steel.webp"
"48","UrbanRoot INOX","https://storage.googleapis.com/nitro-media-local/projects/0qricweczxxpllt/uploads/1769277266491-1000023018.webp","48-urbanroot-inox.webp"
"49","UrbanRoot CUSTOM","https://storage.googleapis.com/nitro-media-local/projects/0qricweczxxpllt/uploads/1769277571326-1000023016.webp","49-urbanroot-custom.webp"
"50","ODBOJNIK GUMOWY 60x30x22mm","https://storage.googleapis.com/nitro-media-local/projects/0qricweczxxpllt/uploads/1769207537280-ODBOJNIK_GUMOWY.webp","50-odbojnik-gumowy-60x30x22mm.webp"
"51","Odbojnik do GRIX PLUS","https://storage.googleapis.com/nitro-media-local/projects/0qricweczxxpllt/uploads/1764528733632-1000021046.webp","51-odbojnik-do-grix-plus.webp"
